Gene,y,x
Pde1a,20080.7222350077,20004.2107839748
