{
  "x": [
    51.75607681274414,
    48.66500473022461,
    45.04519271850586,
    40.208744049072266,
    38.73086166381836,
    38.273170471191406,
    26.156818389892578,
    21.99219512939453,
    18.26778221130371,
    17.858997344970703,
    27.119211196899414,
    18.72816276550293,
    81.91935729980469,
    11.142848014831543,
    13.744155883789062,
    9.625809669494629,
    11.637907028198242,
    8.145674705505371,
    7.066402912139893,
    6.712785720825195,
    6.686657905578613,
    3.96665358543396,
    6.040065288543701,
    4.017414093017578,
    70.97632598876953,
    7.152801036834717,
    32.35335159301758,
    4.7031474113464355,
    6.888833045959473,
    11.008562088012695,
    61.44444274902344,
    13.162964820861816,
    56.629146575927734,
    11.630688667297363,
    31.100187301635742,
    49.861576080322266,
    65.40138244628906,
    26.74184799194336,
    41.4395751953125,
    46.06492233276367,
    60.58360290527344,
    49.05519104003906,
    60.24769592285156,
    42.320316314697266,
    37.57484817504883,
    37.362632751464844,
    57.98889923095703,
    43.61813735961914,
    54.372169494628906,
    43.80612564086914,
    43.64236068725586,
    47.35637664794922,
    46.36134719848633,
    56.34538650512695,
    52.08020782470703,
    62.200069427490234,
    40.899845123291016,
    55.64874267578125,
    53.86252212524414,
    48.076133728027344,
    57.925140380859375,
    63.331695556640625,
    64.86699676513672,
    60.68216323852539,
    57.38894271850586,
    56.52372741699219,
    59.62212371826172,
    65.4957046508789,
    69.60652923583984,
    71.69840240478516,
    70.61246490478516,
    87.88957214355469,
    67.4025650024414,
    57.372283935546875,
    47.28121566772461,
    48.98799133300781,
    43.8582763671875,
    57.49734115600586,
    48.308372497558594,
    58.84286880493164,
    49.73398971557617,
    44.25005340576172,
    47.12844467163086,
    58.1397819519043,
    53.45820617675781,
    47.08254623413086,
    52.45992660522461,
    63.559669494628906,
    68.99742889404297,
    64.4766845703125,
    65.68018341064453,
    61.802398681640625,
    66.36163330078125,
    64.92539978027344,
    69.09501647949219,
    60.621986389160156,
    70.82711791992188,
    72.69495391845703
  ],
  "y": [
    3.2724740322009893e-06,
    8.632736125946394e-07,
    2.284663605678361e-05,
    0.002656371332705021,
    0.0015938928117975593,
    0.000349703332176432,
    0.5000467300415039,
    0.7819526791572571,
    0.997654139995575,
    0.9978638291358948,
    0.41969022154808044,
    0.5180764198303223,
    2.165555328146223e-18,
    0.9996267557144165,
    0.9945271611213684,
    0.9996944665908813,
    0.9993340373039246,
    0.9902183413505554,
    0.9997671246528625,
    0.9997742772102356,
    0.9997747540473938,
    0.9996888637542725,
    0.9498815536499023,
    0.9998121857643127,
    6.01113668390052e-14,
    0.9997653365135193,
    0.04438374564051628,
    0.9998049139976501,
    0.9997705817222595,
    0.9964258074760437,
    2.7817187442380487e-10,
    0.9991520643234253,
    1.0816376061484334e-07,
    0.9993342757225037,
    0.008250342682003975,
    8.955869930105109e-07,
    1.1432567566249663e-11,
    0.0025626386050134897,
    1.960847839654889e-05,
    2.224519084847998e-05,
    5.365259903022945e-10,
    3.595037583181693e-07,
    5.706904726565654e-09,
    2.955294576167944e-06,
    1.3605421372631099e-05,
    0.001196947880089283,
    6.238499050681412e-09,
    1.1664481291973061e-07,
    1.7827568399297888e-07,
    3.7616621284541907e-07,
    1.8315309716854244e-05,
    3.058809738831769e-07,
    2.002513383558835e-06,
    4.40577158089539e-11,
    2.75705556163075e-08,
    2.5814873242518965e-12,
    0.00036317759077064693,
    1.8022760367442103e-11,
    3.861809094729551e-09,
    1.2876631672043004e-07,
    3.2263597175841152e-12,
    3.4332885384506795e-13,
    9.77139723301601e-12,
    3.9752166836048985e-11,
    8.541447930887625e-12,
    9.201686287929611e-12,
    6.676077659445445e-12,
    1.012926213446539e-14,
    7.82802756501362e-16,
    2.55690024139393e-15,
    4.429368926760907e-13,
    1.382756632532982e-20,
    2.1098324910068245e-12,
    6.008654906963784e-09,
    3.347358187966165e-06,
    2.14212278137893e-07,
    5.401051339504193e-07,
    2.5272757220307085e-09,
    5.575282457925823e-08,
    5.9265514718021e-10,
    7.544550761906521e-09,
    3.9988730549112006e-08,
    9.741128792484233e-09,
    4.491908234260933e-11,
    1.810751965036772e-10,
    2.230547413439865e-10,
    9.872499519281153e-12,
    1.062954452647584e-13,
    8.353520240984846e-15,
    4.465735236030416e-14,
    1.398351700138958e-14,
    9.757885282126247e-14,
    5.707734903204892e-15,
    1.3014027653917778e-14,
    1.0356050335653282e-15,
    5.8530810406742795e-12,
    3.2859123823381444e-16,
    1.0563721770845253e-16
  ],
  "labels": [
    "Nrsn1",
    "Fam19a1",
    "3110035E14Rik",
    "Cplx2",
    "Lamp5",
    "Aldoc",
    "Cplx2",
    "Cplx2",
    "Id2",
    "Id2",
    "Cplx2",
    "3110035E14Rik",
    "Zcchc12",
    "Gad1",
    "Nrsn1",
    "Gad1",
    "Id2",
    "Kit",
    "Gad1",
    "Gad1",
    "Gad1",
    "Id2",
    "Cux2",
    "Gad1",
    "Satb1",
    "Gad1",
    "Cplx2",
    "Gad1",
    "Gad1",
    "Nrsn1",
    "Sst",
    "Id2",
    "Cplx2",
    "Id2",
    "Satb1",
    "Sst",
    "Sst",
    "Sst",
    "Sst",
    "Ndnf",
    "Sst",
    "Crhbp",
    "Reln",
    "Sst",
    "Neurod6",
    "Neurod6",
    "Pde1a",
    "Pvalb",
    "Scg2",
    "Neurod6",
    "Pcp4",
    "Satb1",
    "Crym",
    "Sst",
    "Zcchc12",
    "Sst",
    "Neurod6",
    "Sst",
    "Reln",
    "Bcl11b",
    "Sst",
    "Sst",
    "Pcp4",
    "Reln",
    "Cdh13",
    "Crhbp",
    "Reln",
    "Sst",
    "Sst",
    "Crhbp",
    "Cplx2",
    "Cck",
    "Sst",
    "Sst",
    "Sst",
    "Sst",
    "Sst",
    "Sst",
    "Sst",
    "Sst",
    "Sst",
    "Sst",
    "Sst",
    "Sst",
    "Sst",
    "Sst",
    "Sst",
    "Sst",
    "Sst",
    "Sst",
    "Sst",
    "Sst",
    "Sst",
    "Sst",
    "Sst",
    "Sst",
    "Sst",
    "Sst"
  ],
  "cell_num": 2259,
  "title": "Cell 2259 - Distance vs Assignment Probability",
  "xlabel": "Distance from cell 2259 centroid",
  "ylabel": "Assignment probability to cell 2259"
}